{
    "accuracy": 0.71,
    "precision_weighted": 0.7125754443985118,
    "recall_weighted": 0.71,
    "f1_score_weighted": 0.7077396497621217
}