{
    "accuracy": 0.72,
    "precision_weighted": 0.7211015911872704,
    "recall_weighted": 0.72,
    "f1_score_weighted": 0.7187297106563162
}